1,1,Agnella,Aikenhead,f4qDAXcM
2,1,Christy,Gabbatiss,Scl1wp
3,1,Dian,Frushard,sHilM2fjtdqa
4,1,Bonnee,Howie,3dviw7l
5,1,Luz,Sallier,7dhdjlx
6,1,Norris,Bastick,DbIxQ6Zh
7,1,Selena,Ullyatt,Mm2gXB
8,1,Skipton,Snowman,uVWiUS
9,1,Clyde,Torr,jeVQHdQjxSFb
10,1,Madelon,Ewenson,XarIDz9
11,1,Jedediah,Mowday,GFVkOo3oIwH
12,1,Camile,Mabbe,78bXVkhpYQp5
13,1,Roberto,Kurten,8c7sF2rk
14,1,Roana,McLelland,nPy7F5o6DVal
15,1,Max,Nussey,xqBmSlroC
16,1,Rube,Bread,eWTwTs
17,1,Sonia,Pardi,pdSc6r8NHkHq
18,1,Brent,Byass,E9F03qcpOs
19,1,Gerri,Colquete,yjWiti9clfms
20,1,Clarice,Whittle,7Hcwxm
21,1,Annamarie,Avrahm,vsSytF
22,1,Rockey,Chesnay,fytlqJ9Y1mk
23,1,Torrence,Dally,1QZCJ5mIz6f
24,1,Riannon,Blunden,12JoF5f
25,1,Ddene,Mauchlen,5BjNox4Fzcej
26,1,Roshelle,Setterington,YeNOhT9r
27,1,Gert,Polack,5mJIqa4xcFj
28,1,Cristabel,Palfrie,Qz6OFjwwmo
29,1,Faye,Bulstrode,dPxGq9
30,1,Verena,Derye-Barrett,PBaP9I0y
31,1,Amandy,Bushaway,z4TRRPP92fU
32,1,Miguelita,Spurway,lbLBjEs
33,1,Emmi,Balmer,3nVT5mAv
34,1,Philippe,Brunelleschi,mGL2608SI9CP
35,1,Joycelin,Jobe,jhr9l5C
36,1,Zaneta,Figger,ibHMwPxE
37,1,Arden,Cuschieri,oZ0mJsGr6V
38,1,Chiquita,Van der Beek,oRwyVDXZV8t
39,1,Samson,Hulkes,kWindOfg
40,1,Abbie,McGilleghole,OxnzAjikk6xU
41,1,Felicle,Anderton,cfRSLMgRI
42,1,Lyndsie,Fleetwood,vgsn9LEM
43,1,Harv,Lindblad,2DI0nm
44,1,Olivier,Daveridge,veDC0P
45,1,Juliane,Tillot,vzomW6kYZ
46,1,Marylinda,Hiner,Ml71ftN5
47,1,Caldwell,Alvy,feJOTbdhzX
48,1,Violette,Perrottet,Yr1t2sJM
49,1,Jacqueline,Coniff,F6jIRmEv
50,1,Conant,McCann,7mfbkDEb